module_code,xbrl_schema_ref,from_date,to_date,version
COREP_Con,http://www.eba.europa.eu/eu/fr/xbrl/crr/fws/corep/its-2013-02/2013-12-01/mod/corep_con.json,01-Dec-13,29-Sep-14,2.0.1
COREP_Ind,http://www.eba.europa.eu/eu/fr/xbrl/crr/fws/corep/its-2013-02/2013-12-01/mod/corep_ind.json,01-Dec-13,29-Sep-14,2.0.1
COREP_LCR_Con,http://www.eba.europa.eu/eu/fr/xbrl/crr/fws/corep/its-2013-02/2013-12-01/mod/corep_lcr_con.json,01-Dec-13,29-Sep-14,2.0.1
COREP_LCR_Ind,http://www.eba.europa.eu/eu/fr/xbrl/crr/fws/corep/its-2013-02/2013-12-01/mod/corep_lcr_ind.json,01-Dec-13,29-Sep-14,2.0.1
COREP_LE_Con,http://www.eba.europa.eu/eu/fr/xbrl/crr/fws/corep/its-2013-02/2013-12-01/mod/corep_le_con.json,01-Dec-13,29-Sep-14,2.0.1
COREP_LE_Ind,http://www.eba.europa.eu/eu/fr/xbrl/crr/fws/corep/its-2013-02/2013-12-01/mod/corep_le_ind.json,01-Dec-13,29-Sep-14,2.0.1
COREP_NSFR_Con,http://www.eba.europa.eu/eu/fr/xbrl/crr/fws/corep/its-2013-02/2013-12-01/mod/corep_nsfr_con.json,01-Dec-13,29-Sep-14,2.0.1
COREP_NSFR_Ind,http://www.eba.europa.eu/eu/fr/xbrl/crr/fws/corep/its-2013-02/2013-12-01/mod/corep_nsfr_ind.json,01-Dec-13,29-Sep-14,2.0.1
FINREP_Con_GAAP,http://www.eba.europa.eu/eu/fr/xbrl/crr/fws/finrep/its-2013-02/2013-12-01/mod/finrep_con_gaap.json,01-Dec-13,29-Sep-14,2.0.1
FINREP_Con_IFRS,http://www.eba.europa.eu/eu/fr/xbrl/crr/fws/finrep/its-2013-02/2013-12-01/mod/finrep_con_ifrs.json,01-Dec-13,29-Sep-14,2.0.1
AE_Con,http://www.eba.europa.eu/eu/fr/xbrl/crr/fws/ae/its-2013-04/2014-03-31/mod/ae_con.json,30-Sep-14,30-Dec-14,1.0.0
AE_Ind,http://www.eba.europa.eu/eu/fr/xbrl/crr/fws/ae/its-2013-04/2014-03-31/mod/ae_ind.json,30-Sep-14,30-Dec-14,1.0.0
COREP_Con,http://www.eba.europa.eu/eu/fr/xbrl/crr/fws/corep/its-2013-02/2014-03-31/mod/corep_con.json,30-Sep-14,30-Dec-14,2.0.2
COREP_Ind,http://www.eba.europa.eu/eu/fr/xbrl/crr/fws/corep/its-2013-02/2014-03-31/mod/corep_ind.json,30-Sep-14,30-Dec-14,2.0.2
COREP_LCR_Con,http://www.eba.europa.eu/eu/fr/xbrl/crr/fws/corep/its-2013-02/2014-03-31/mod/corep_lcr_con.json,30-Sep-14,30-Dec-14,2.0.2
COREP_LCR_Ind,http://www.eba.europa.eu/eu/fr/xbrl/crr/fws/corep/its-2013-02/2014-03-31/mod/corep_lcr_ind.json,30-Sep-14,30-Dec-14,2.0.2
COREP_LE_Con,http://www.eba.europa.eu/eu/fr/xbrl/crr/fws/corep/its-2013-02/2014-03-31/mod/corep_le_con.json,30-Sep-14,30-Dec-14,2.0.2
COREP_LE_Ind,http://www.eba.europa.eu/eu/fr/xbrl/crr/fws/corep/its-2013-02/2014-03-31/mod/corep_le_ind.json,30-Sep-14,30-Dec-14,2.0.2
COREP_NSFR_Con,http://www.eba.europa.eu/eu/fr/xbrl/crr/fws/corep/its-2013-02/2014-03-31/mod/corep_nsfr_con.json,30-Sep-14,30-Dec-14,2.0.2
COREP_NSFR_Ind,http://www.eba.europa.eu/eu/fr/xbrl/crr/fws/corep/its-2013-02/2014-03-31/mod/corep_nsfr_ind.json,30-Sep-14,30-Dec-14,2.0.2
FINREP_Con_GAAP,http://www.eba.europa.eu/eu/fr/xbrl/crr/fws/finrep/its-2013-03/2014-03-31/mod/finrep_con_gaap.json,30-Sep-14,30-Dec-14,2.1.0
FINREP_Con_IFRS,http://www.eba.europa.eu/eu/fr/xbrl/crr/fws/finrep/its-2013-03/2014-03-31/mod/finrep_con_ifrs.json,30-Sep-14,30-Dec-14,2.1.0
COREP_Con,http://www.eba.europa.eu/eu/fr/xbrl/crr/fws/corep/its-2013-02/2014-07-31/mod/corep_con.json,31-Dec-14,29-Jun-15,2.0.3
COREP_Ind,http://www.eba.europa.eu/eu/fr/xbrl/crr/fws/corep/its-2013-02/2014-07-31/mod/corep_ind.json,31-Dec-14,29-Jun-15,2.0.3
COREP_LCR_Con,http://www.eba.europa.eu/eu/fr/xbrl/crr/fws/corep/its-2013-02/2014-07-31/mod/corep_lcr_con.json,31-Dec-14,29-Jun-15,2.0.3
COREP_LCR_Ind,http://www.eba.europa.eu/eu/fr/xbrl/crr/fws/corep/its-2013-02/2014-07-31/mod/corep_lcr_ind.json,31-Dec-14,29-Jun-15,2.0.3
COREP_LE_Con,http://www.eba.europa.eu/eu/fr/xbrl/crr/fws/corep/its-2013-02/2014-07-31/mod/corep_le_con.json,31-Dec-14,29-Jun-15,2.0.3
COREP_LE_Ind,http://www.eba.europa.eu/eu/fr/xbrl/crr/fws/corep/its-2013-02/2014-07-31/mod/corep_le_ind.json,31-Dec-14,29-Jun-15,2.0.3
COREP_NSFR_Con,http://www.eba.europa.eu/eu/fr/xbrl/crr/fws/corep/its-2013-02/2014-07-31/mod/corep_nsfr_con.json,31-Dec-14,29-Jun-15,2.0.3
COREP_NSFR_Ind,http://www.eba.europa.eu/eu/fr/xbrl/crr/fws/corep/its-2013-02/2014-07-31/mod/corep_nsfr_ind.json,31-Dec-14,29-Jun-15,2.0.3
FINREP_Con_GAAP,http://www.eba.europa.eu/eu/fr/xbrl/crr/fws/finrep/its-2013-03/2014-07-31/mod/finrep_con_gaap.json,31-Dec-14,29-Jun-15,2.1.1
FINREP_Con_IFRS,http://www.eba.europa.eu/eu/fr/xbrl/crr/fws/finrep/its-2013-03/2014-07-31/mod/finrep_con_ifrs.json,31-Dec-14,29-Jun-15,2.1.1
FP,http://www.eba.europa.eu/eu/fr/xbrl/crr/fws/fp/gl-2014-04/2014-07-31/mod/fp.json,30-Dec-14,30-Dec-14,1.0.0
AE_Con,http://www.eba.europa.eu/eu/fr/xbrl/crr/fws/ae/its-2013-04/2014-07-31/mod/ae_con.json,31-Dec-14,30-Dec-16,1.0.1
AE_Ind,http://www.eba.europa.eu/eu/fr/xbrl/crr/fws/ae/its-2013-04/2014-07-31/mod/ae_ind.json,31-Dec-14,30-Dec-16,1.0.1
COREP_Con,http://www.eba.europa.eu/eu/fr/xbrl/crr/fws/corep/its-2014-05/2015-02-16/mod/corep_con.json,30-Jun-15,29-Sep-16,2.1.0
COREP_Ind,http://www.eba.europa.eu/eu/fr/xbrl/crr/fws/corep/its-2014-05/2015-02-16/mod/corep_ind.json,30-Jun-15,29-Sep-16,2.1.0
COREP_LCR_Con,http://www.eba.europa.eu/eu/fr/xbrl/crr/fws/corep/its-2014-05/2015-02-16/mod/corep_lcr_con.json,30-Jun-15,29-Sep-16,2.1.0
COREP_LCR_Ind,http://www.eba.europa.eu/eu/fr/xbrl/crr/fws/corep/its-2014-05/2015-02-16/mod/corep_lcr_ind.json,30-Jun-15,29-Sep-16,2.1.0
COREP_LE_Con,http://www.eba.europa.eu/eu/fr/xbrl/crr/fws/corep/its-2014-05/2015-02-16/mod/corep_le_con.json,30-Jun-15,29-Sep-16,2.1.0
COREP_LE_Ind,http://www.eba.europa.eu/eu/fr/xbrl/crr/fws/corep/its-2014-05/2015-02-16/mod/corep_le_ind.json,30-Jun-15,29-Sep-16,2.1.0
COREP_NSFR_Con,http://www.eba.europa.eu/eu/fr/xbrl/crr/fws/corep/its-2014-05/2015-02-16/mod/corep_nsfr_con.json,30-Jun-15,29-Sep-16,2.1.0
COREP_NSFR_Ind,http://www.eba.europa.eu/eu/fr/xbrl/crr/fws/corep/its-2014-05/2015-02-16/mod/corep_nsfr_ind.json,30-Jun-15,29-Sep-16,2.1.0
FINREP_Con_GAAP,http://www.eba.europa.eu/eu/fr/xbrl/crr/fws/finrep/its-2014-05/2015-02-16/mod/finrep_con_gaap.json,30-Jun-15,29-Sep-16,2.1.2
FINREP_Con_IFRS,http://www.eba.europa.eu/eu/fr/xbrl/crr/fws/finrep/its-2014-05/2015-02-16/mod/finrep_con_ifrs.json,30-Jun-15,29-Sep-16,2.1.2
COREP_ALM_Con,http://www.eba.europa.eu/eu/fr/xbrl/crr/fws/corep/its-2014-05/2015-02-16/mod/corep_alm_con.json,30-Jun-15,29-Sep-16,2.1.0
COREP_ALM_Ind,http://www.eba.europa.eu/eu/fr/xbrl/crr/fws/corep/its-2014-05/2015-02-16/mod/corep_alm_ind.json,30-Jun-15,29-Sep-16,2.1.0
FP,http://www.eba.europa.eu/eu/fr/xbrl/crr/fws/fp/gl-2014-04/2015-02-16/mod/fp.json,30-Dec-14,30-Dec-14,1.0.1
SBP,http://www.eba.europa.eu/eu/fr/xbrl/crr/fws/sbp/cp-2014-07/2015-02-16/mod/sbp.json,01-Apr-15,01-Apr-15,1.0.0
SBPIMV,http://www.eba.europa.eu/eu/fr/xbrl/crr/fws/sbp/cp-2014-07/2015-02-16/mod/sbpimv.json,01-Apr-15,01-Apr-15,1.0.0
FP_Con,http://www.eba.europa.eu/eu/fr/xbrl/crr/fws/fp/gl-2014-04/2015-05-29/mod/fp_con.json,31-Dec-14,30-Dec-16,1.0.2
FP_Ind,http://www.eba.europa.eu/eu/fr/xbrl/crr/fws/fp/gl-2014-04/2015-05-29/mod/fp_ind.json,31-Dec-14,30-Dec-16,1.0.2
SBPIMV_Con,http://www.eba.europa.eu/eu/fr/xbrl/crr/fws/sbp/cp-2014-07/2015-05-29/mod/sbpimv_con.json,30-Jun-15,29-Sep-16,1.0.1
SBPIMV_Ind,http://www.eba.europa.eu/eu/fr/xbrl/crr/fws/sbp/cp-2014-07/2015-05-29/mod/sbpimv_ind.json,30-Jun-15,29-Sep-16,1.0.1
SBP_Con,http://www.eba.europa.eu/eu/fr/xbrl/crr/fws/sbp/cp-2014-07/2015-05-29/mod/sbp_con.json,30-Jun-15,29-Sep-16,1.0.1
SBP_Ind,http://www.eba.europa.eu/eu/fr/xbrl/crr/fws/sbp/cp-2014-07/2015-05-29/mod/sbp_ind.json,30-Jun-15,29-Sep-16,1.0.1
FINREP_Ind_GAAP,http://www.eba.europa.eu/eu/fr/xbrl/crr/fws/finrep/its-2014-05/2015-07-03/mod/finrep_ind_gaap.json,30-Jun-15,29-Sep-16,2.1.3
FINREP_Ind_IFRS,http://www.eba.europa.eu/eu/fr/xbrl/crr/fws/finrep/its-2014-05/2015-07-03/mod/finrep_ind_ifrs.json,30-Jun-15,29-Sep-16,2.1.3
COREP_ALM_Con,http://www.eba.europa.eu/eu/fr/xbrl/crr/fws/corep/its-2015-04/2015-08-31/mod/corep_alm_con.json,29-Sep-16,29-Sep-16,2.2.0
COREP_ALM_Ind,http://www.eba.europa.eu/eu/fr/xbrl/crr/fws/corep/its-2015-04/2015-08-31/mod/corep_alm_ind.json,29-Sep-16,29-Sep-16,2.2.0
COREP_Con,http://www.eba.europa.eu/eu/fr/xbrl/crr/fws/corep/its-2015-04/2015-08-31/mod/corep_con.json,29-Sep-16,29-Sep-16,2.2.0
COREP_Ind,http://www.eba.europa.eu/eu/fr/xbrl/crr/fws/corep/its-2015-04/2015-08-31/mod/corep_ind.json,29-Sep-16,29-Sep-16,2.2.0
COREP_LCR_Con,http://www.eba.europa.eu/eu/fr/xbrl/crr/fws/corep/its-2015-04/2015-08-31/mod/corep_lcr_con.json,29-Sep-16,29-Sep-16,2.2.0
COREP_LCR_DA_Con,http://www.eba.europa.eu/eu/fr/xbrl/crr/fws/corep/its-2015-04/2015-08-31/mod/corep_lcr_da_con.json,29-Sep-16,29-Sep-16,2.2.0
COREP_LCR_DA_Ind,http://www.eba.europa.eu/eu/fr/xbrl/crr/fws/corep/its-2015-04/2015-08-31/mod/corep_lcr_da_ind.json,29-Sep-16,29-Sep-16,2.2.0
COREP_LCR_Ind,http://www.eba.europa.eu/eu/fr/xbrl/crr/fws/corep/its-2015-04/2015-08-31/mod/corep_lcr_ind.json,29-Sep-16,29-Sep-16,2.2.0
COREP_LE_Con,http://www.eba.europa.eu/eu/fr/xbrl/crr/fws/corep/its-2015-04/2015-08-31/mod/corep_le_con.json,29-Sep-16,29-Sep-16,2.2.0
COREP_LE_Ind,http://www.eba.europa.eu/eu/fr/xbrl/crr/fws/corep/its-2015-04/2015-08-31/mod/corep_le_ind.json,29-Sep-16,29-Sep-16,2.2.0
COREP_NSFR_Con,http://www.eba.europa.eu/eu/fr/xbrl/crr/fws/corep/its-2015-04/2015-08-31/mod/corep_nsfr_con.json,29-Sep-16,29-Sep-16,2.2.0
COREP_NSFR_Ind,http://www.eba.europa.eu/eu/fr/xbrl/crr/fws/corep/its-2015-04/2015-08-31/mod/corep_nsfr_ind.json,29-Sep-16,29-Sep-16,2.2.0
FINREP_Con_GAAP,http://www.eba.europa.eu/eu/fr/xbrl/crr/fws/finrep/its-2015-02/2015-08-31/mod/finrep_con_gaap.json,30-Sep-16,30-Dec-16,2.1.4
FINREP_Con_IFRS,http://www.eba.europa.eu/eu/fr/xbrl/crr/fws/finrep/its-2015-02/2015-08-31/mod/finrep_con_ifrs.json,30-Sep-16,30-Dec-16,2.1.4
FINREP_Ind_GAAP,http://www.eba.europa.eu/eu/fr/xbrl/crr/fws/finrep/its-2015-02-ind/2015-08-31/mod/finrep_ind_gaap.json,30-Sep-16,30-Dec-16,2.1.4
FINREP_Ind_IFRS,http://www.eba.europa.eu/eu/fr/xbrl/crr/fws/finrep/its-2015-02-ind/2015-08-31/mod/finrep_ind_ifrs.json,30-Sep-16,30-Dec-16,2.1.4
SBPIMV_Con,http://www.eba.europa.eu/eu/fr/xbrl/crr/fws/sbp/cp-2014-07/2015-08-31/mod/sbpimv_con.json,30-Sep-16,30-Dec-16,1.0.2
SBPIMV_Ind,http://www.eba.europa.eu/eu/fr/xbrl/crr/fws/sbp/cp-2014-07/2015-08-31/mod/sbpimv_ind.json,30-Sep-16,30-Dec-16,1.0.2
SBP_Con,http://www.eba.europa.eu/eu/fr/xbrl/crr/fws/sbp/cp-2014-07/2015-08-31/mod/sbp_con.json,30-Sep-16,30-Dec-16,1.0.2
SBP_Ind,http://www.eba.europa.eu/eu/fr/xbrl/crr/fws/sbp/cp-2014-07/2015-08-31/mod/sbp_ind.json,30-Sep-16,30-Dec-16,1.0.2
COREP_ALM_Con,http://www.eba.europa.eu/eu/fr/xbrl/crr/fws/corep/its-2015-04/2016-01-31/mod/corep_alm_con.json,30-Sep-16,30-Dec-16,2.2.1
COREP_ALM_Ind,http://www.eba.europa.eu/eu/fr/xbrl/crr/fws/corep/its-2015-04/2016-01-31/mod/corep_alm_ind.json,30-Sep-16,30-Dec-16,2.2.1
COREP_Con,http://www.eba.europa.eu/eu/fr/xbrl/crr/fws/corep/its-2015-04/2016-01-31/mod/corep_con.json,30-Sep-16,30-Dec-16,2.2.1
COREP_Ind,http://www.eba.europa.eu/eu/fr/xbrl/crr/fws/corep/its-2015-04/2016-01-31/mod/corep_ind.json,30-Sep-16,30-Dec-16,2.2.1
COREP_LCR_Con,http://www.eba.europa.eu/eu/fr/xbrl/crr/fws/corep/its-2015-04/2016-01-31/mod/corep_lcr_con.json,30-Sep-16,30-Dec-16,2.2.1
COREP_LCR_DA_Con,http://www.eba.europa.eu/eu/fr/xbrl/crr/fws/corep/its-2015-04/2016-01-31/mod/corep_lcr_da_con.json,30-Sep-16,30-Dec-16,2.2.1
COREP_LCR_DA_Ind,http://www.eba.europa.eu/eu/fr/xbrl/crr/fws/corep/its-2015-04/2016-01-31/mod/corep_lcr_da_ind.json,30-Sep-16,30-Dec-16,2.2.1
COREP_LCR_Ind,http://www.eba.europa.eu/eu/fr/xbrl/crr/fws/corep/its-2015-04/2016-01-31/mod/corep_lcr_ind.json,30-Sep-16,30-Dec-16,2.2.1
COREP_LE_Con,http://www.eba.europa.eu/eu/fr/xbrl/crr/fws/corep/its-2015-04/2016-01-31/mod/corep_le_con.json,30-Sep-16,30-Dec-16,2.2.1
COREP_LE_Ind,http://www.eba.europa.eu/eu/fr/xbrl/crr/fws/corep/its-2015-04/2016-01-31/mod/corep_le_ind.json,30-Sep-16,30-Dec-16,2.2.1
COREP_NSFR_Con,http://www.eba.europa.eu/eu/fr/xbrl/crr/fws/corep/its-2015-04/2016-01-31/mod/corep_nsfr_con.json,30-Sep-16,30-Dec-16,2.2.1
COREP_NSFR_Ind,http://www.eba.europa.eu/eu/fr/xbrl/crr/fws/corep/its-2015-04/2016-01-31/mod/corep_nsfr_ind.json,30-Sep-16,30-Dec-16,2.2.1
AE_Con,http://www.eba.europa.eu/eu/fr/xbrl/crr/fws/ae/its-2013-04/2016-02-01/mod/ae_con.json,31-Dec-16,29-Jun-17,1.0.2
AE_Ind,http://www.eba.europa.eu/eu/fr/xbrl/crr/fws/ae/its-2013-04/2016-02-01/mod/ae_ind.json,31-Dec-16,29-Jun-17,1.0.2
COREP_ALM_Con,http://www.eba.europa.eu/eu/fr/xbrl/crr/fws/corep/its-2016-repxx/2016-02-01/mod/corep_alm_con.json,31-Dec-16,29-Jun-17,2.2.2
COREP_ALM_Ind,http://www.eba.europa.eu/eu/fr/xbrl/crr/fws/corep/its-2016-repxx/2016-02-01/mod/corep_alm_ind.json,31-Dec-16,29-Jun-17,2.2.2
COREP_Con,http://www.eba.europa.eu/eu/fr/xbrl/crr/fws/corep/its-2016-repxx/2016-02-01/mod/corep_con.json,31-Dec-16,29-Jun-17,2.2.2
COREP_Ind,http://www.eba.europa.eu/eu/fr/xbrl/crr/fws/corep/its-2016-repxx/2016-02-01/mod/corep_ind.json,31-Dec-16,29-Jun-17,2.2.2
COREP_LCR_Con,http://www.eba.europa.eu/eu/fr/xbrl/crr/fws/corep/its-2016-repxx/2016-02-01/mod/corep_lcr_con.json,31-Dec-16,29-Jun-17,2.2.2
COREP_LCR_DA_Con,http://www.eba.europa.eu/eu/fr/xbrl/crr/fws/corep/its-2016-repxx/2016-02-01/mod/corep_lcr_da_con.json,31-Dec-16,29-Jun-17,2.2.2
COREP_LCR_DA_Ind,http://www.eba.europa.eu/eu/fr/xbrl/crr/fws/corep/its-2016-repxx/2016-02-01/mod/corep_lcr_da_ind.json,31-Dec-16,29-Jun-17,2.2.2
COREP_LCR_Ind,http://www.eba.europa.eu/eu/fr/xbrl/crr/fws/corep/its-2016-repxx/2016-02-01/mod/corep_lcr_ind.json,31-Dec-16,29-Jun-17,2.2.2
COREP_LE_Con,http://www.eba.europa.eu/eu/fr/xbrl/crr/fws/corep/its-2016-repxx/2016-02-01/mod/corep_le_con.json,31-Dec-16,29-Jun-17,2.2.2
COREP_LE_Ind,http://www.eba.europa.eu/eu/fr/xbrl/crr/fws/corep/its-2016-repxx/2016-02-01/mod/corep_le_ind.json,31-Dec-16,29-Jun-17,2.2.2
COREP_NSFR_Con,http://www.eba.europa.eu/eu/fr/xbrl/crr/fws/corep/its-2016-repxx/2016-02-01/mod/corep_nsfr_con.json,31-Dec-16,29-Jun-17,2.2.2
COREP_NSFR_Ind,http://www.eba.europa.eu/eu/fr/xbrl/crr/fws/corep/its-2016-repxx/2016-02-01/mod/corep_nsfr_ind.json,31-Dec-16,29-Jun-17,2.2.2
FINREP_Con_GAAP,http://www.eba.europa.eu/eu/fr/xbrl/crr/fws/finrep/its-2016-repxx/2016-02-01/mod/finrep_con_gaap.json,31-Dec-16,29-Jun-17,2.1.5
FINREP_Con_IFRS,http://www.eba.europa.eu/eu/fr/xbrl/crr/fws/finrep/its-2016-repxx/2016-02-01/mod/finrep_con_ifrs.json,31-Dec-16,29-Jun-17,2.1.5
FINREP_Ind_GAAP,http://www.eba.europa.eu/eu/fr/xbrl/crr/fws/finrep/its-2016-repxx-ind/2016-02-01/mod/finrep_ind_gaap.json,31-Dec-16,29-Jun-17,2.1.5
FINREP_Ind_IFRS,http://www.eba.europa.eu/eu/fr/xbrl/crr/fws/finrep/its-2016-repxx-ind/2016-02-01/mod/finrep_ind_ifrs.json,31-Dec-16,29-Jun-17,2.1.5
FP_Con,http://www.eba.europa.eu/eu/fr/xbrl/crr/fws/fp/gl-2014-04/2016-02-01/mod/fp_con.json,31-Dec-16,29-Jun-17,1.0.3
FP_Ind,http://www.eba.europa.eu/eu/fr/xbrl/crr/fws/fp/gl-2014-04/2016-02-01/mod/fp_ind.json,31-Dec-16,29-Jun-17,1.0.3
SBPIMV_Con,http://www.eba.europa.eu/eu/fr/xbrl/crr/fws/sbp/its-2016-svbxx/2016-02-01/mod/sbpimv_con.json,31-Dec-16,29-Jun-17,1.0.3
SBPIMV_Ind,http://www.eba.europa.eu/eu/fr/xbrl/crr/fws/sbp/its-2016-svbxx/2016-02-01/mod/sbpimv_ind.json,31-Dec-16,29-Jun-17,1.0.3
SBP_Con,http://www.eba.europa.eu/eu/fr/xbrl/crr/fws/sbp/its-2016-svbxx/2016-02-01/mod/sbp_con.json,31-Dec-16,29-Jun-17,1.0.3
SBP_Ind,http://www.eba.europa.eu/eu/fr/xbrl/crr/fws/sbp/its-2016-svbxx/2016-02-01/mod/sbp_ind.json,31-Dec-16,29-Jun-17,1.0.3
FINREP_Con_GAAP,http://www.eba.europa.eu/eu/fr/xbrl/crr/fws/finrep/its-2016-03/2016-11-15/mod/finrep_con_gaap.json,30-Jun-17,30-Mar-18,2.1.6
FINREP_Con_IFRS,http://www.eba.europa.eu/eu/fr/xbrl/crr/fws/finrep/its-2016-03/2016-11-15/mod/finrep_con_ifrs.json,30-Jun-17,30-Mar-18,2.1.6
FINREP_Ind_GAAP,http://www.eba.europa.eu/eu/fr/xbrl/crr/fws/finrep/its-2016-03-ind/2016-11-15/mod/finrep_ind_gaap.json,30-Jun-17,30-Mar-18,2.1.6
FINREP_Ind_IFRS,http://www.eba.europa.eu/eu/fr/xbrl/crr/fws/finrep/its-2016-03-ind/2016-11-15/mod/finrep_ind_ifrs.json,30-Jun-17,30-Mar-18,2.1.6
AE_Con,http://www.eba.europa.eu/eu/fr/xbrl/crr/fws/ae/its-2013-04/2016-11-15/mod/ae_con.json,30-Jun-17,30-Mar-18,1.0.3
AE_Ind,http://www.eba.europa.eu/eu/fr/xbrl/crr/fws/ae/its-2013-04/2016-11-15/mod/ae_ind.json,30-Jun-17,30-Mar-18,1.0.3
COREP_Con,http://www.eba.europa.eu/eu/fr/xbrl/crr/fws/corep/its-2016-03/2016-11-15/mod/corep_con.json,30-Jun-17,30-Mar-18,2.2.3
COREP_Ind,http://www.eba.europa.eu/eu/fr/xbrl/crr/fws/corep/its-2016-03/2016-11-15/mod/corep_ind.json,30-Jun-17,30-Mar-18,2.2.3
COREP_LCR_Con,http://www.eba.europa.eu/eu/fr/xbrl/crr/fws/corep/its-2016-03/2016-11-15/mod/corep_lcr_con.json,30-Jun-17,30-Mar-18,2.2.3
COREP_LCR_Ind,http://www.eba.europa.eu/eu/fr/xbrl/crr/fws/corep/its-2016-03/2016-11-15/mod/corep_lcr_ind.json,30-Jun-17,30-Mar-18,2.2.3
COREP_LE_Con,http://www.eba.europa.eu/eu/fr/xbrl/crr/fws/corep/its-2016-03/2016-11-15/mod/corep_le_con.json,30-Jun-17,30-Mar-18,2.2.3
COREP_LE_Ind,http://www.eba.europa.eu/eu/fr/xbrl/crr/fws/corep/its-2016-03/2016-11-15/mod/corep_le_ind.json,30-Jun-17,30-Mar-18,2.2.3
COREP_NSFR_Con,http://www.eba.europa.eu/eu/fr/xbrl/crr/fws/corep/its-2016-03/2016-11-15/mod/corep_nsfr_con.json,30-Jun-17,30-Mar-18,2.2.3
COREP_NSFR_Ind,http://www.eba.europa.eu/eu/fr/xbrl/crr/fws/corep/its-2016-03/2016-11-15/mod/corep_nsfr_ind.json,30-Jun-17,30-Mar-18,2.2.3
FINREP9_Con_GAAP,http://www.eba.europa.eu/eu/fr/xbrl/crr/fws/finrep/cp-2015-23+feedback/2016-11-15/mod/finrep9_con_gaap.json,30-Mar-18,30-Mar-18,2.2.0
FINREP9_Con_IFRS,http://www.eba.europa.eu/eu/fr/xbrl/crr/fws/finrep/cp-2015-23+feedback/2016-11-15/mod/finrep9_con_ifrs.json,30-Mar-18,30-Mar-18,2.2.0
FINREP9_Ind_GAAP,http://www.eba.europa.eu/eu/fr/xbrl/crr/fws/finrep/cp-2015-23+feedback-ind/2016-11-15/mod/finrep9_ind_gaap.json,30-Mar-18,30-Mar-18,2.2.0
FINREP9_Ind_IFRS,http://www.eba.europa.eu/eu/fr/xbrl/crr/fws/finrep/cp-2015-23+feedback-ind/2016-11-15/mod/finrep9_ind_ifrs.json,30-Mar-18,30-Mar-18,2.2.0
FP_Con,http://www.eba.europa.eu/eu/fr/xbrl/crr/fws/fp/gl-2014-04/2016-11-15/mod/fp_con.json,30-Jun-17,30-Mar-18,1.0.4
FP_Ind,http://www.eba.europa.eu/eu/fr/xbrl/crr/fws/fp/gl-2014-04/2016-11-15/mod/fp_ind.json,30-Jun-17,30-Mar-18,1.0.4
SBPIMV_Con,http://www.eba.europa.eu/eu/fr/xbrl/crr/fws/sbp/its-2015-01+2018exercise/2016-11-15/mod/sbpimv_con.json,30-Jun-17,30-Dec-18,1.0.4
SBPIMV_Ind,http://www.eba.europa.eu/eu/fr/xbrl/crr/fws/sbp/its-2015-01+2018exercise/2016-11-15/mod/sbpimv_ind.json,30-Jun-17,30-Dec-18,1.0.4
SBP_Con,http://www.eba.europa.eu/eu/fr/xbrl/crr/fws/sbp/its-2015-01+2018exercise/2016-11-15/mod/sbp_con.json,30-Jun-17,30-Dec-18,1.0.4
SBP_Ind,http://www.eba.europa.eu/eu/fr/xbrl/crr/fws/sbp/its-2015-01+2018exercise/2016-11-15/mod/sbp_ind.json,30-Jun-17,30-Dec-18,1.0.4
COREP_ALM_Con,http://www.eba.europa.eu/eu/fr/xbrl/crr/fws/corep/its-2016-03/2016-11-15/mod/corep_alm_con.json,30-Jun-17,30-Mar-18,2.2.3
COREP_ALM_Ind,http://www.eba.europa.eu/eu/fr/xbrl/crr/fws/corep/its-2016-03/2016-11-15/mod/corep_alm_ind.json,30-Jun-17,30-Mar-18,2.2.3
COREP_LCR_DA_Con,http://www.eba.europa.eu/eu/fr/xbrl/crr/fws/corep/its-2016-03/2016-11-15/mod/corep_lcr_da_con.json,30-Jun-17,30-Mar-18,2.2.3
COREP_LCR_DA_Ind,http://www.eba.europa.eu/eu/fr/xbrl/crr/fws/corep/its-2016-03/2016-11-15/mod/corep_lcr_da_ind.json,30-Jun-17,30-Mar-18,2.2.3
COREP_ALM_Con,http://www.eba.europa.eu/eu/fr/xbrl/crr/fws/corep/cir-680-2014/2017-04-04/mod/corep_alm_con.json,31-Mar-18,30-Dec-18,2.3.0
COREP_ALM_Ind,http://www.eba.europa.eu/eu/fr/xbrl/crr/fws/corep/cir-680-2014/2017-04-04/mod/corep_alm_ind.json,31-Mar-18,30-Dec-18,2.3.0
COREP_Con,http://www.eba.europa.eu/eu/fr/xbrl/crr/fws/corep/cir-680-2014/2017-04-04/mod/corep_con.json,31-Mar-18,30-Dec-18,2.3.0
COREP_Ind,http://www.eba.europa.eu/eu/fr/xbrl/crr/fws/corep/cir-680-2014/2017-04-04/mod/corep_ind.json,31-Mar-18,30-Dec-18,2.3.0
COREP_LCR_Con,http://www.eba.europa.eu/eu/fr/xbrl/crr/fws/corep/cir-680-2014/2017-04-04/mod/corep_lcr_con.json,31-Mar-18,30-Dec-18,2.3.0
COREP_LCR_DA_Con,http://www.eba.europa.eu/eu/fr/xbrl/crr/fws/corep/cir-680-2014/2017-04-04/mod/corep_lcr_da_con.json,31-Mar-18,30-Dec-18,2.3.0
COREP_LCR_DA_Ind,http://www.eba.europa.eu/eu/fr/xbrl/crr/fws/corep/cir-680-2014/2017-04-04/mod/corep_lcr_da_ind.json,31-Mar-18,30-Dec-18,2.3.0
COREP_LCR_Ind,http://www.eba.europa.eu/eu/fr/xbrl/crr/fws/corep/cir-680-2014/2017-04-04/mod/corep_lcr_ind.json,31-Mar-18,30-Dec-18,2.3.0
COREP_LE_Con,http://www.eba.europa.eu/eu/fr/xbrl/crr/fws/corep/cir-680-2014/2017-04-04/mod/corep_le_con.json,31-Mar-18,30-Dec-18,2.3.0
COREP_LE_Ind,http://www.eba.europa.eu/eu/fr/xbrl/crr/fws/corep/cir-680-2014/2017-04-04/mod/corep_le_ind.json,31-Mar-18,30-Dec-18,2.3.0
COREP_NSFR_Con,http://www.eba.europa.eu/eu/fr/xbrl/crr/fws/corep/cir-680-2014/2017-04-04/mod/corep_nsfr_con.json,31-Mar-18,30-Dec-18,2.3.0
COREP_NSFR_Ind,http://www.eba.europa.eu/eu/fr/xbrl/crr/fws/corep/cir-680-2014/2017-04-04/mod/corep_nsfr_ind.json,31-Mar-18,30-Dec-18,2.3.0
FINREP9_Con_GAAP,http://www.eba.europa.eu/eu/fr/xbrl/crr/fws/finrep/cir-680-2014/2017-04-04/mod/finrep9_con_gaap.json,31-Mar-18,30-Dec-18,2.2.1
FINREP9_Con_IFRS,http://www.eba.europa.eu/eu/fr/xbrl/crr/fws/finrep/cir-680-2014/2017-04-04/mod/finrep9_con_ifrs.json,31-Mar-18,30-Dec-18,2.2.1
FINREP9_Ind_GAAP,http://www.eba.europa.eu/eu/fr/xbrl/crr/fws/finrep/cir-680-2014-ind/2017-04-04/mod/finrep9_ind_gaap.json,31-Mar-18,30-Dec-18,2.2.1
FINREP9_Ind_IFRS,http://www.eba.europa.eu/eu/fr/xbrl/crr/fws/finrep/cir-680-2014-ind/2017-04-04/mod/finrep9_ind_ifrs.json,31-Mar-18,30-Dec-18,2.2.1
AE_Con,http://www.eba.europa.eu/eu/fr/xbrl/crr/fws/ae/cir-680-2014/2017-04-04/mod/ae_con.json,31-Mar-18,30-Dec-18,1.0.4
AE_Ind,http://www.eba.europa.eu/eu/fr/xbrl/crr/fws/ae/cir-680-2014/2017-04-04/mod/ae_ind.json,31-Mar-18,30-Dec-18,1.0.4
FP_Con,http://www.eba.europa.eu/eu/fr/xbrl/crr/fws/fp/gl-2014-04/2017-04-04/mod/fp_con.json,31-Mar-18,30-Dec-18,1.0.5
FP_Ind,http://www.eba.europa.eu/eu/fr/xbrl/crr/fws/fp/gl-2014-04/2017-04-04/mod/fp_ind.json,31-Mar-18,30-Dec-18,1.0.5
AE_Con,http://www.eba.europa.eu/eu/fr/xbrl/crr/fws/ae/cir-680-2014/2018-03-31/mod/ae_con.json,31-Dec-18,29-Jun-21,1.0.5
AE_Ind,http://www.eba.europa.eu/eu/fr/xbrl/crr/fws/ae/cir-680-2014/2018-03-31/mod/ae_ind.json,31-Dec-18,29-Jun-21,1.0.5
COREP_ALM_Con,http://www.eba.europa.eu/eu/fr/xbrl/crr/fws/corep/cir-680-2014/2018-03-31/mod/corep_alm_con.json,30-Dec-18,30-Dec-18,2.3.1
COREP_ALM_Ind,http://www.eba.europa.eu/eu/fr/xbrl/crr/fws/corep/cir-680-2014/2018-03-31/mod/corep_alm_ind.json,30-Dec-18,30-Dec-18,2.3.1
COREP_LCR_Con,http://www.eba.europa.eu/eu/fr/xbrl/crr/fws/corep/cir-680-2014/2018-03-31/mod/corep_lcr_con.json,30-Dec-18,30-Dec-18,2.3.1
COREP_LCR_DA_Con,http://www.eba.europa.eu/eu/fr/xbrl/crr/fws/corep/cir-680-2014/2018-03-31/mod/corep_lcr_da_con.json,30-Dec-18,30-Dec-18,2.3.1
COREP_LCR_DA_Ind,http://www.eba.europa.eu/eu/fr/xbrl/crr/fws/corep/cir-680-2014/2018-03-31/mod/corep_lcr_da_ind.json,30-Dec-18,30-Dec-18,2.3.1
COREP_LCR_Ind,http://www.eba.europa.eu/eu/fr/xbrl/crr/fws/corep/cir-680-2014/2018-03-31/mod/corep_lcr_ind.json,30-Dec-18,30-Dec-18,2.3.1
COREP_LE_Con,http://www.eba.europa.eu/eu/fr/xbrl/crr/fws/corep/cir-680-2014/2018-03-31/mod/corep_le_con.json,30-Dec-18,30-Dec-18,2.3.1
COREP_LE_Ind,http://www.eba.europa.eu/eu/fr/xbrl/crr/fws/corep/cir-680-2014/2018-03-31/mod/corep_le_ind.json,30-Dec-18,30-Dec-18,2.3.1
COREP_LR_Con,http://www.eba.europa.eu/eu/fr/xbrl/crr/fws/corep/cir-680-2014/2018-03-31/mod/corep_lr_con.json,30-Dec-18,30-Dec-18,2.3.1
COREP_LR_Ind,http://www.eba.europa.eu/eu/fr/xbrl/crr/fws/corep/cir-680-2014/2018-03-31/mod/corep_lr_ind.json,30-Dec-18,30-Dec-18,2.3.1
COREP_NSFR_Con,http://www.eba.europa.eu/eu/fr/xbrl/crr/fws/corep/cir-680-2014/2018-03-31/mod/corep_nsfr_con.json,30-Dec-18,30-Dec-18,2.3.1
COREP_NSFR_Ind,http://www.eba.europa.eu/eu/fr/xbrl/crr/fws/corep/cir-680-2014/2018-03-31/mod/corep_nsfr_ind.json,30-Dec-18,30-Dec-18,2.3.1
COREP_OF_Con,http://www.eba.europa.eu/eu/fr/xbrl/crr/fws/corep/cir-680-2014/2018-03-31/mod/corep_of_con.json,30-Dec-18,30-Dec-18,2.3.1
COREP_OF_Ind,http://www.eba.europa.eu/eu/fr/xbrl/crr/fws/corep/cir-680-2014/2018-03-31/mod/corep_of_ind.json,30-Dec-18,30-Dec-18,2.3.1
FINREP9_Con_GAAP,http://www.eba.europa.eu/eu/fr/xbrl/crr/fws/finrep/cir-680-2014/2018-03-31/mod/finrep9_con_gaap.json,31-Dec-18,29-Jun-20,2.2.2
FINREP9_Con_IFRS,http://www.eba.europa.eu/eu/fr/xbrl/crr/fws/finrep/cir-680-2014/2018-03-31/mod/finrep9_con_ifrs.json,31-Dec-18,29-Jun-20,2.2.2
FP_Con,http://www.eba.europa.eu/eu/fr/xbrl/crr/fws/fp/gl-2014-04/2018-03-31/mod/fp_con.json,31-Dec-18,30-Dec-20,1.0.6
FP_Ind,http://www.eba.europa.eu/eu/fr/xbrl/crr/fws/fp/gl-2014-04/2018-03-31/mod/fp_ind.json,31-Dec-18,30-Dec-20,1.0.6
SBPIMV_Con,http://www.eba.europa.eu/eu/fr/xbrl/crr/fws/sbp/cir-2070-2016/2018-03-31/mod/sbpimv_con.json,31-Dec-18,29-Sep-19,1.0.5
SBPIMV_Ind,http://www.eba.europa.eu/eu/fr/xbrl/crr/fws/sbp/cir-2070-2016/2018-03-31/mod/sbpimv_ind.json,31-Dec-18,29-Sep-19,1.0.5
SBP_Con,http://www.eba.europa.eu/eu/fr/xbrl/crr/fws/sbp/cir-2070-2016/2018-03-31/mod/sbp_con.json,31-Dec-18,29-Sep-19,1.0.5
SBP_Ind,http://www.eba.europa.eu/eu/fr/xbrl/crr/fws/sbp/cir-2070-2016/2018-03-31/mod/sbp_ind.json,31-Dec-18,29-Sep-19,1.0.5
FINREP9_Ind_GAAP,http://www.eba.europa.eu/eu/fr/xbrl/crr/fws/finrep/cir-680-2014-ind/2018-03-31/mod/finrep9_ind_gaap.json,31-Dec-18,29-Jun-20,2.2.2
FINREP9_Ind_IFRS,http://www.eba.europa.eu/eu/fr/xbrl/crr/fws/finrep/cir-680-2014-ind/2018-03-31/mod/finrep9_ind_ifrs.json,31-Dec-18,29-Jun-20,2.2.2
RESOL,http://www.eba.europa.eu/eu/fr/xbrl/crr/fws/res/cp-2017-15/2018-03-31/mod/resol.json,30-Dec-18,30-Dec-18,1.0.0
RESOL,http://www.eba.europa.eu/eu/fr/xbrl/crr/fws/res/cp-2017-15/2018-07-31/mod/resol.json,31-Dec-18,30-Dec-19,1.0.1
COREP_ALM_Con,http://www.eba.europa.eu/eu/fr/xbrl/crr/fws/corep/cir-680-2014/2018-07-31/mod/corep_alm_con.json,31-Dec-18,29-Apr-20,2.3.2
COREP_ALM_Ind,http://www.eba.europa.eu/eu/fr/xbrl/crr/fws/corep/cir-680-2014/2018-07-31/mod/corep_alm_ind.json,31-Dec-18,29-Apr-20,2.3.2
COREP_LCR_Con,http://www.eba.europa.eu/eu/fr/xbrl/crr/fws/corep/cir-680-2014/2018-07-31/mod/corep_lcr_con.json,31-Dec-18,29-Apr-20,2.3.2
COREP_LCR_DA_Con,http://www.eba.europa.eu/eu/fr/xbrl/crr/fws/corep/cir-680-2014/2018-07-31/mod/corep_lcr_da_con.json,31-Dec-18,29-Apr-20,2.3.2
COREP_LCR_DA_Ind,http://www.eba.europa.eu/eu/fr/xbrl/crr/fws/corep/cir-680-2014/2018-07-31/mod/corep_lcr_da_ind.json,31-Dec-18,29-Apr-20,2.3.2
COREP_LCR_Ind,http://www.eba.europa.eu/eu/fr/xbrl/crr/fws/corep/cir-680-2014/2018-07-31/mod/corep_lcr_ind.json,31-Dec-18,29-Apr-20,2.3.2
COREP_LE_Con,http://www.eba.europa.eu/eu/fr/xbrl/crr/fws/corep/cir-680-2014/2018-07-31/mod/corep_le_con.json,31-Dec-18,30-Mar-20,2.3.2
COREP_LE_Ind,http://www.eba.europa.eu/eu/fr/xbrl/crr/fws/corep/cir-680-2014/2018-07-31/mod/corep_le_ind.json,31-Dec-18,30-Mar-20,2.3.2
COREP_LR_Con,http://www.eba.europa.eu/eu/fr/xbrl/crr/fws/corep/cir-680-2014/2018-07-31/mod/corep_lr_con.json,31-Dec-18,30-Mar-20,2.3.2
COREP_LR_Ind,http://www.eba.europa.eu/eu/fr/xbrl/crr/fws/corep/cir-680-2014/2018-07-31/mod/corep_lr_ind.json,31-Dec-18,30-Mar-20,2.3.2
COREP_NSFR_Con,http://www.eba.europa.eu/eu/fr/xbrl/crr/fws/corep/cir-680-2014/2018-07-31/mod/corep_nsfr_con.json,31-Dec-18,29-Apr-20,2.3.2
COREP_NSFR_Ind,http://www.eba.europa.eu/eu/fr/xbrl/crr/fws/corep/cir-680-2014/2018-07-31/mod/corep_nsfr_ind.json,31-Dec-18,29-Apr-20,2.3.2
COREP_OF_Con,http://www.eba.europa.eu/eu/fr/xbrl/crr/fws/corep/cir-680-2014/2018-07-31/mod/corep_of_con.json,31-Dec-18,30-Mar-20,2.3.2
COREP_OF_Ind,http://www.eba.europa.eu/eu/fr/xbrl/crr/fws/corep/cir-680-2014/2018-07-31/mod/corep_of_ind.json,31-Dec-18,30-Mar-20,2.3.2
COREP_ALM_Con,http://www.eba.europa.eu/eu/fr/xbrl/crr/fws/corep/cir-680-2014/2019-04-30/mod/corep_alm_con.json,30-Apr-20,30-Apr-20,2.4.0
COREP_ALM_Ind,http://www.eba.europa.eu/eu/fr/xbrl/crr/fws/corep/cir-680-2014/2019-04-30/mod/corep_alm_ind.json,30-Apr-20,30-Apr-20,2.4.0
COREP_LCR_Con,http://www.eba.europa.eu/eu/fr/xbrl/crr/fws/corep/cir-680-2014/2019-04-30/mod/corep_lcr_con.json,30-Apr-20,30-Apr-20,2.4.0
COREP_LCR_DA_Con,http://www.eba.europa.eu/eu/fr/xbrl/crr/fws/corep/cir-680-2014/2019-04-30/mod/corep_lcr_da_con.json,30-Apr-20,30-Apr-20,2.4.0
COREP_LCR_DA_Ind,http://www.eba.europa.eu/eu/fr/xbrl/crr/fws/corep/cir-680-2014/2019-04-30/mod/corep_lcr_da_ind.json,30-Apr-20,30-Apr-20,2.4.0
COREP_LCR_Ind,http://www.eba.europa.eu/eu/fr/xbrl/crr/fws/corep/cir-680-2014/2019-04-30/mod/corep_lcr_ind.json,30-Apr-20,30-Apr-20,2.4.0
COREP_LE_Con,http://www.eba.europa.eu/eu/fr/xbrl/crr/fws/corep/cir-680-2014/2019-04-30/mod/corep_le_con.json,31-Mar-20,31-Mar-20,2.4.0
COREP_LE_Ind,http://www.eba.europa.eu/eu/fr/xbrl/crr/fws/corep/cir-680-2014/2019-04-30/mod/corep_le_ind.json,31-Mar-20,31-Mar-20,2.4.0
COREP_LR_Con,http://www.eba.europa.eu/eu/fr/xbrl/crr/fws/corep/cir-680-2014/2019-04-30/mod/corep_lr_con.json,31-Mar-20,31-Mar-20,2.4.0
COREP_LR_Ind,http://www.eba.europa.eu/eu/fr/xbrl/crr/fws/corep/cir-680-2014/2019-04-30/mod/corep_lr_ind.json,31-Mar-20,31-Mar-20,2.4.0
COREP_NSFR_Con,http://www.eba.europa.eu/eu/fr/xbrl/crr/fws/corep/cir-680-2014/2019-04-30/mod/corep_nsfr_con.json,30-Apr-20,30-Apr-20,2.4.0
COREP_NSFR_Ind,http://www.eba.europa.eu/eu/fr/xbrl/crr/fws/corep/cir-680-2014/2019-04-30/mod/corep_nsfr_ind.json,30-Apr-20,30-Apr-20,2.4.0
COREP_OF_Con,http://www.eba.europa.eu/eu/fr/xbrl/crr/fws/corep/cir-680-2014/2019-04-30/mod/corep_of_con.json,31-Mar-20,31-Mar-20,2.4.0
COREP_OF_Ind,http://www.eba.europa.eu/eu/fr/xbrl/crr/fws/corep/cir-680-2014/2019-04-30/mod/corep_of_ind.json,31-Mar-20,31-Mar-20,2.4.0
RESOL_Con,http://www.eba.europa.eu/eu/fr/xbrl/crr/fws/res/cir-2018-1624/2019-04-30/mod/resol_con.json,31-Dec-19,30-Dec-20,1.1.0
RESOL_Ind,http://www.eba.europa.eu/eu/fr/xbrl/crr/fws/res/cir-2018-1624/2019-04-30/mod/resol_ind.json,31-Dec-19,30-Dec-20,1.1.0
FINREP9_Con_GAAP,http://www.eba.europa.eu/eu/fr/xbrl/crr/fws/finrep/cir-680-2014/2019-08-31/mod/finrep9_con_gaap.json,30-Jun-20,30-Jun-20,2.3.0
FINREP9_Con_IFRS,http://www.eba.europa.eu/eu/fr/xbrl/crr/fws/finrep/cir-680-2014/2019-08-31/mod/finrep9_con_ifrs.json,30-Jun-20,30-Jun-20,2.3.0
FINREP9_Ind_GAAP,http://www.eba.europa.eu/eu/fr/xbrl/crr/fws/finrep/cir-680-2014-ind/2019-08-31/mod/finrep9_ind_gaap.json,30-Jun-20,30-Jun-20,2.3.0
FINREP9_Ind_IFRS,http://www.eba.europa.eu/eu/fr/xbrl/crr/fws/finrep/cir-680-2014-ind/2019-08-31/mod/finrep9_ind_ifrs.json,30-Jun-20,30-Jun-20,2.3.0
SBPIMV_Con,http://www.eba.europa.eu/eu/fr/xbrl/crr/fws/sbp/cir-2070-2016/2019-08-31/mod/sbpimv_con.json,30-Sep-19,29-Sep-20,1.0.6
SBPIMV_Ind,http://www.eba.europa.eu/eu/fr/xbrl/crr/fws/sbp/cir-2070-2016/2019-08-31/mod/sbpimv_ind.json,30-Sep-19,29-Sep-20,1.0.6
SBP_CR_Con,http://www.eba.europa.eu/eu/fr/xbrl/crr/fws/sbp/cir-2070-2016/2019-08-31/mod/sbp_cr_con.json,30-Sep-19,29-Sep-20,1.0.6
SBP_CR_Ind,http://www.eba.europa.eu/eu/fr/xbrl/crr/fws/sbp/cir-2070-2016/2019-08-31/mod/sbp_cr_ind.json,30-Sep-19,29-Sep-20,1.0.6
SBP_RM_Con,http://www.eba.europa.eu/eu/fr/xbrl/crr/fws/sbp/cir-2070-2016/2019-08-31/mod/sbp_rm_con.json,30-Sep-19,29-Sep-20,1.0.6
SBP_RM_Ind,http://www.eba.europa.eu/eu/fr/xbrl/crr/fws/sbp/cir-2070-2016/2019-08-31/mod/sbp_rm_ind.json,30-Sep-19,29-Sep-20,1.0.6
COREP_ALM_Con,http://www.eba.europa.eu/eu/fr/xbrl/crr/fws/corep/cir-680-2014/2019-11-15/mod/corep_alm_con.json,30-Apr-20,29-Jun-21,2.4.1
COREP_ALM_Ind,http://www.eba.europa.eu/eu/fr/xbrl/crr/fws/corep/cir-680-2014/2019-11-15/mod/corep_alm_ind.json,30-Apr-20,29-Jun-21,2.4.1
COREP_LCR_Con,http://www.eba.europa.eu/eu/fr/xbrl/crr/fws/corep/cir-680-2014/2019-11-15/mod/corep_lcr_con.json,30-Apr-20,29-Jun-21,2.4.1
COREP_LCR_DA_Con,http://www.eba.europa.eu/eu/fr/xbrl/crr/fws/corep/cir-680-2014/2019-11-15/mod/corep_lcr_da_con.json,30-Apr-20,29-Jun-21,2.4.1
COREP_LCR_DA_Ind,http://www.eba.europa.eu/eu/fr/xbrl/crr/fws/corep/cir-680-2014/2019-11-15/mod/corep_lcr_da_ind.json,30-Apr-20,29-Jun-21,2.4.1
COREP_LCR_Ind,http://www.eba.europa.eu/eu/fr/xbrl/crr/fws/corep/cir-680-2014/2019-11-15/mod/corep_lcr_ind.json,30-Apr-20,29-Jun-21,2.4.1
COREP_LE_Con,http://www.eba.europa.eu/eu/fr/xbrl/crr/fws/corep/cir-680-2014/2019-11-15/mod/corep_le_con.json,31-Mar-20,29-Jun-21,2.4.1
COREP_LE_Ind,http://www.eba.europa.eu/eu/fr/xbrl/crr/fws/corep/cir-680-2014/2019-11-15/mod/corep_le_ind.json,31-Mar-20,29-Jun-21,2.4.1
COREP_LR_Con,http://www.eba.europa.eu/eu/fr/xbrl/crr/fws/corep/cir-680-2014/2019-11-15/mod/corep_lr_con.json,31-Mar-20,29-Jun-21,2.4.1
COREP_LR_Ind,http://www.eba.europa.eu/eu/fr/xbrl/crr/fws/corep/cir-680-2014/2019-11-15/mod/corep_lr_ind.json,31-Mar-20,29-Jun-21,2.4.1
COREP_NSFR_Con,http://www.eba.europa.eu/eu/fr/xbrl/crr/fws/corep/cir-680-2014/2019-11-15/mod/corep_nsfr_con.json,30-Apr-20,29-Jun-21,2.4.1
COREP_NSFR_Ind,http://www.eba.europa.eu/eu/fr/xbrl/crr/fws/corep/cir-680-2014/2019-11-15/mod/corep_nsfr_ind.json,30-Apr-20,29-Jun-21,2.4.1
COREP_OF_Con,http://www.eba.europa.eu/eu/fr/xbrl/crr/fws/corep/cir-680-2014/2019-11-15/mod/corep_of_con.json,31-Mar-20,29-Jun-21,2.4.1
COREP_OF_Ind,http://www.eba.europa.eu/eu/fr/xbrl/crr/fws/corep/cir-680-2014/2019-11-15/mod/corep_of_ind.json,31-Mar-20,29-Jun-21,2.4.1
FINREP9_Con_GAAP,http://www.eba.europa.eu/eu/fr/xbrl/crr/fws/finrep/cir-680-2014/2019-11-15/mod/finrep9_con_gaap.json,30-Jun-20,29-Jun-21,2.3.1
FINREP9_Con_IFRS,http://www.eba.europa.eu/eu/fr/xbrl/crr/fws/finrep/cir-680-2014/2019-11-15/mod/finrep9_con_ifrs.json,30-Jun-20,29-Jun-21,2.3.1
FINREP9_Ind_GAAP,http://www.eba.europa.eu/eu/fr/xbrl/crr/fws/finrep/cir-680-2014-ind/2019-11-15/mod/finrep9_ind_gaap.json,30-Jun-20,29-Jun-21,2.3.1
FINREP9_Ind_IFRS,http://www.eba.europa.eu/eu/fr/xbrl/crr/fws/finrep/cir-680-2014-ind/2019-11-15/mod/finrep9_ind_ifrs.json,30-Jun-20,29-Jun-21,2.3.1
FP_Con,http://www.eba.europa.eu/eu/fr/xbrl/crr/fws/fp/gl-2019-05/2020-02-29/mod/fp_con.json,31-Dec-20,31-Dec-20,2.0.0
FP_Ind,http://www.eba.europa.eu/eu/fr/xbrl/crr/fws/fp/gl-2019-05/2020-02-29/mod/fp_ind.json,31-Dec-20,31-Dec-20,2.0.0
REM,http://www.eba.europa.eu/eu/fr/xbrl/crr/fws/rem/gl-2014-07/2020-02-29/mod/rem.json,31-Dec-19,30-Dec-20,1.0.0
REM_HE,http://www.eba.europa.eu/eu/fr/xbrl/crr/fws/rem/gl-2014-07/2020-02-29/mod/rem_he.json,31-Dec-19,30-Dec-20,1.0.0
PSD_FRP,http://www.eba.europa.eu/eu/fr/xbrl/crr/fws/pay/gl-2020-01/2020-02-29/mod/psd_frp.json,31-Dec-20,30-Dec-22,1.0.0
FP_Con,http://www.eba.europa.eu/eu/fr/xbrl/crr/fws/fp/gl-2019-05/2020-06-30/mod/fp_con.json,31-Dec-20,30-Dec-22,2.0.1
FP_Ind,http://www.eba.europa.eu/eu/fr/xbrl/crr/fws/fp/gl-2019-05/2020-06-30/mod/fp_ind.json,31-Dec-20,30-Dec-22,2.0.1
RESOL_Con,http://www.eba.europa.eu/eu/fr/xbrl/crr/fws/res/cir-2018-1624/2020-06-30/mod/resol_con.json,31-Dec-20,30-Dec-21,1.1.1
RESOL_Ind,http://www.eba.europa.eu/eu/fr/xbrl/crr/fws/res/cir-2018-1624/2020-06-30/mod/resol_ind.json,31-Dec-20,30-Dec-21,1.1.1
SBPIMV_Con,http://www.eba.europa.eu/eu/fr/xbrl/crr/fws/sbp/cir-2070-2016/2020-06-30/mod/sbpimv_con.json,30-Sep-20,29-Sep-21,1.1.0
SBPIMV_Ind,http://www.eba.europa.eu/eu/fr/xbrl/crr/fws/sbp/cir-2070-2016/2020-06-30/mod/sbpimv_ind.json,30-Sep-20,29-Sep-21,1.1.0
SBP_CR_Con,http://www.eba.europa.eu/eu/fr/xbrl/crr/fws/sbp/cir-2070-2016/2020-06-30/mod/sbp_cr_con.json,30-Sep-20,29-Sep-21,1.1.0
SBP_CR_Ind,http://www.eba.europa.eu/eu/fr/xbrl/crr/fws/sbp/cir-2070-2016/2020-06-30/mod/sbp_cr_ind.json,30-Sep-20,29-Sep-21,1.1.0
SBP_RM_Con,http://www.eba.europa.eu/eu/fr/xbrl/crr/fws/sbp/cir-2070-2016/2020-06-30/mod/sbp_rm_con.json,30-Sep-20,29-Sep-21,1.1.0
SBP_RM_Ind,http://www.eba.europa.eu/eu/fr/xbrl/crr/fws/sbp/cir-2070-2016/2020-06-30/mod/sbp_rm_ind.json,30-Sep-20,29-Sep-21,1.1.0
COVID19_Con_GAAP,http://www.eba.europa.eu/eu/fr/xbrl/crr/fws/finrepcovid19/gl-2020-07/2020-06-30/mod/covid19_con_gaap.json,30-Jun-20,30-Dec-22,1.0.0
COVID19_Con_IFRS,http://www.eba.europa.eu/eu/fr/xbrl/crr/fws/finrepcovid19/gl-2020-07/2020-06-30/mod/covid19_con_ifrs.json,30-Jun-20,30-Dec-22,1.0.0
COVID19_Ind_GAAP,http://www.eba.europa.eu/eu/fr/xbrl/crr/fws/finrepcovid19/gl-2020-07/2020-06-30/mod/covid19_ind_gaap.json,30-Jun-20,30-Dec-22,1.0.0
COVID19_Ind_IFRS,http://www.eba.europa.eu/eu/fr/xbrl/crr/fws/finrepcovid19/gl-2020-07/2020-06-30/mod/covid19_ind_ifrs.json,30-Jun-20,30-Dec-22,1.0.0
IF_ADHOC,http://www.eba.europa.eu/eu/fr/xbrl/crr/fws/if/if-datacollection/2020-07-31/mod/if_adhoc.json,04-Jul-20,29-Sep-21,1.0.0
FINREP9_Con_GAAP,http://www.eba.europa.eu/eu/fr/xbrl/crr/fws/finrep/its-005-2020/2020-11-15/mod/finrep9_con_gaap.json,30-Jun-21,30-Dec-22,3.0.0
FINREP9_Con_IFRS,http://www.eba.europa.eu/eu/fr/xbrl/crr/fws/finrep/its-005-2020/2020-11-15/mod/finrep9_con_ifrs.json,30-Jun-21,30-Dec-22,3.0.0
FINREP9_Ind_GAAP,http://www.eba.europa.eu/eu/fr/xbrl/crr/fws/finrep/its-005-2020-ind/2020-11-15/mod/finrep9_ind_gaap.json,30-Jun-21,30-Dec-22,3.0.0
FINREP9_Ind_IFRS,http://www.eba.europa.eu/eu/fr/xbrl/crr/fws/finrep/its-005-2020-ind/2020-11-15/mod/finrep9_ind_ifrs.json,30-Jun-21,30-Dec-22,3.0.0
AE_Con,http://www.eba.europa.eu/eu/fr/xbrl/crr/fws/ae/its-005-2020/2020-11-15/mod/ae_con.json,30-Jun-21,30-Jun-21,1.1.0
AE_Ind,http://www.eba.europa.eu/eu/fr/xbrl/crr/fws/ae/its-005-2020/2020-11-15/mod/ae_ind.json,30-Jun-21,30-Jun-21,1.1.0
COREP_ALM_Con,http://www.eba.europa.eu/eu/fr/xbrl/crr/fws/corep/its-005-2020/2020-11-15/mod/corep_alm_con.json,30-Jun-21,29-Jun-23,3.0.0
COREP_ALM_Ind,http://www.eba.europa.eu/eu/fr/xbrl/crr/fws/corep/its-005-2020/2020-11-15/mod/corep_alm_ind.json,30-Jun-21,29-Jun-23,3.0.0
COREP_FRTB_Con,http://www.eba.europa.eu/eu/fr/xbrl/crr/fws/corep/its-005-2020/2020-11-15/mod/corep_frtb_con.json,30-Sep-21,30-Dec-22,3.0.0
COREP_FRTB_Ind,http://www.eba.europa.eu/eu/fr/xbrl/crr/fws/corep/its-005-2020/2020-11-15/mod/corep_frtb_ind.json,30-Sep-21,30-Dec-22,3.0.0
COREP_LCR_DA_Con,http://www.eba.europa.eu/eu/fr/xbrl/crr/fws/corep/its-005-2020/2020-11-15/mod/corep_lcr_da_con.json,30-Jun-21,30-Dec-22,3.0.0
COREP_LCR_DA_Ind,http://www.eba.europa.eu/eu/fr/xbrl/crr/fws/corep/its-005-2020/2020-11-15/mod/corep_lcr_da_ind.json,30-Jun-21,30-Dec-22,3.0.0
COREP_LE_Con,http://www.eba.europa.eu/eu/fr/xbrl/crr/fws/corep/its-005-2020/2020-11-15/mod/corep_le_con.json,30-Jun-21,30-Dec-22,3.0.0
COREP_LE_Ind,http://www.eba.europa.eu/eu/fr/xbrl/crr/fws/corep/its-005-2020/2020-11-15/mod/corep_le_ind.json,30-Jun-21,30-Dec-22,3.0.0
COREP_LR_Con,http://www.eba.europa.eu/eu/fr/xbrl/crr/fws/corep/its-005-2020/2020-11-15/mod/corep_lr_con.json,30-Jun-21,30-Dec-22,3.0.0
COREP_LR_Ind,http://www.eba.europa.eu/eu/fr/xbrl/crr/fws/corep/its-005-2020/2020-11-15/mod/corep_lr_ind.json,30-Jun-21,30-Dec-22,3.0.0
COREP_NSFR_Con,http://www.eba.europa.eu/eu/fr/xbrl/crr/fws/corep/its-005-2020/2020-11-15/mod/corep_nsfr_con.json,30-Jun-21,30-Dec-22,3.0.0
COREP_NSFR_Ind,http://www.eba.europa.eu/eu/fr/xbrl/crr/fws/corep/its-005-2020/2020-11-15/mod/corep_nsfr_ind.json,30-Jun-21,30-Dec-22,3.0.0
COREP_OF_Con,http://www.eba.europa.eu/eu/fr/xbrl/crr/fws/corep/its-005-2020/2020-11-15/mod/corep_of_con.json,30-Jun-21,29-Jun-23,3.0.0
COREP_OF_Ind,http://www.eba.europa.eu/eu/fr/xbrl/crr/fws/corep/its-005-2020/2020-11-15/mod/corep_of_ind.json,30-Jun-21,29-Jun-23,3.0.0
GSII_Con,http://www.eba.europa.eu/eu/fr/xbrl/crr/fws/gsii/its-005-2020/2020-11-15/mod/gsii_con.json,30-Jun-21,30-Jun-21,1.0.0
MREL_DECISIONS,http://www.eba.europa.eu/eu/fr/xbrl/crr/fws/mrel/its-008-2020/2021-02-28/mod/mrel_decisions.json,30-Apr-21,30-Dec-22,1.0.0
MREL_TLAC_Con,http://www.eba.europa.eu/eu/fr/xbrl/crr/fws/mrel/its-006-2020/2021-02-28/mod/mrel_tlac_con.json,30-Jun-21,30-Dec-22,1.0.0
MREL_TLAC_Ind,http://www.eba.europa.eu/eu/fr/xbrl/crr/fws/mrel/its-006-2020/2021-02-28/mod/mrel_tlac_ind.json,30-Jun-21,30-Dec-22,1.0.0
REM,http://www.eba.europa.eu/eu/fr/xbrl/crr/fws/rem/gl-2014-07/2021-02-28/mod/rem.json,31-Dec-20,30-Dec-22,1.0.1
REM_HE,http://www.eba.europa.eu/eu/fr/xbrl/crr/fws/rem/gl-2014-07/2021-02-28/mod/rem_he.json,31-Dec-20,30-Dec-22,1.0.1
GSII_Con,http://www.eba.europa.eu/eu/fr/xbrl/crr/fws/gsii/its-005-2020/2021-02-28/mod/gsii_con.json,30-Jun-21,29-Jun-23,1.0.1
NOTIF_IMPRACTICABILITY,http://www.eba.europa.eu/eu/fr/xbrl/crr/fws/imprac/its-009-2020/2021-02-28/mod/notif_impracticability.json,30-Jun-21,30-Dec-22,1.0.0
AE_Con,http://www.eba.europa.eu/eu/fr/xbrl/crr/fws/ae/its-005-2020/2021-02-28/mod/ae_con.json,30-Jun-21,29-Jun-23,1.1.1
AE_Ind,http://www.eba.europa.eu/eu/fr/xbrl/crr/fws/ae/its-005-2020/2021-02-28/mod/ae_ind.json,30-Jun-21,29-Jun-23,1.1.1
IF_CLASS2_Con,http://www.eba.europa.eu/eu/fr/xbrl/crr/fws/if/its-002-2021/2021-05-08/mod/if_class2_con.json,30-Sep-21,29-Jun-23,1.1.0
IF_CLASS2_Ind,http://www.eba.europa.eu/eu/fr/xbrl/crr/fws/if/its-002-2021/2021-05-08/mod/if_class2_ind.json,30-Sep-21,29-Jun-23,1.1.0
IF_CLASS3_Con,http://www.eba.europa.eu/eu/fr/xbrl/crr/fws/if/its-002-2021/2021-05-08/mod/if_class3_con.json,30-Sep-21,29-Jun-23,1.1.0
IF_CLASS3_Ind,http://www.eba.europa.eu/eu/fr/xbrl/crr/fws/if/its-002-2021/2021-05-08/mod/if_class3_ind.json,30-Sep-21,29-Jun-23,1.1.0
IF_GROUPTEST,http://www.eba.europa.eu/eu/fr/xbrl/crr/fws/if/its-002-2021/2021-05-08/mod/if_grouptest.json,30-Sep-21,29-Jun-23,1.1.0
RESOL_Con,http://www.eba.europa.eu/eu/fr/xbrl/crr/fws/res/cir-2018-1624/2021-07-15/mod/resol_con.json,31-Dec-21,30-Dec-22,1.2.0
RESOL_Ind,http://www.eba.europa.eu/eu/fr/xbrl/crr/fws/res/cir-2018-1624/2021-07-15/mod/resol_ind.json,31-Dec-21,30-Dec-22,1.2.0
SBPIMV_Con,http://www.eba.europa.eu/eu/fr/xbrl/crr/fws/sbp/cir-2070-2016/2021-07-15/mod/sbpimv_con.json,30-Sep-21,29-Sep-22,1.2.0
SBPIMV_Ind,http://www.eba.europa.eu/eu/fr/xbrl/crr/fws/sbp/cir-2070-2016/2021-07-15/mod/sbpimv_ind.json,30-Sep-21,29-Sep-22,1.2.0
SBP_CR_Con,http://www.eba.europa.eu/eu/fr/xbrl/crr/fws/sbp/cir-2070-2016/2021-07-15/mod/sbp_cr_con.json,30-Sep-21,29-Sep-22,1.2.0
SBP_CR_Ind,http://www.eba.europa.eu/eu/fr/xbrl/crr/fws/sbp/cir-2070-2016/2021-07-15/mod/sbp_cr_ind.json,30-Sep-21,29-Sep-22,1.2.0
SBP_RM_Con,http://www.eba.europa.eu/eu/fr/xbrl/crr/fws/sbp/cir-2070-2016/2021-07-15/mod/sbp_rm_con.json,30-Sep-21,29-Sep-22,1.2.0
SBP_RM_Ind,http://www.eba.europa.eu/eu/fr/xbrl/crr/fws/sbp/cir-2070-2016/2021-07-15/mod/sbp_rm_ind.json,30-Sep-21,29-Sep-22,1.2.0
AE,http://www.eba.europa.eu/eu/fr/xbrl/crr/fws/ae/its-005-2020/2022-03-01/mod/ae.json,30-Jun-23,,1.2.0
COREP_ALM,http://www.eba.europa.eu/eu/fr/xbrl/crr/fws/corep/its-005-2020/2022-03-01/mod/corep_alm.json,30-Jun-23,,3.1.0
COREP_FRTB,http://www.eba.europa.eu/eu/fr/xbrl/crr/fws/corep/its-005-2020/2022-03-01/mod/corep_frtb.json,31-Dec-22,,3.1.0
COREP_LCR_DA,http://www.eba.europa.eu/eu/fr/xbrl/crr/fws/corep/its-005-2020/2022-03-01/mod/corep_lcr_da.json,31-Dec-22,,3.1.0
COREP_LE,http://www.eba.europa.eu/eu/fr/xbrl/crr/fws/corep/its-005-2020/2022-03-01/mod/corep_le.json,31-Dec-22,,3.1.0
COREP_LR,http://www.eba.europa.eu/eu/fr/xbrl/crr/fws/corep/its-005-2020/2022-03-01/mod/corep_lr.json,31-Dec-22,30-Mar-25,3.1.0
COREP_NSFR,http://www.eba.europa.eu/eu/fr/xbrl/crr/fws/corep/its-005-2020/2022-03-01/mod/corep_nsfr.json,31-Dec-22,,3.1.0
COREP_OF,http://www.eba.europa.eu/eu/fr/xbrl/crr/fws/corep/its-005-2020/2022-03-01/mod/corep_of.json,30-Jun-23,30-Mar-25,3.1.0
GSII,http://www.eba.europa.eu/eu/fr/xbrl/crr/fws/gsii/its-005-2020/2022-03-01/mod/gsii.json,30-Jun-23,,1.1.0
IF_CLASS2,http://www.eba.europa.eu/eu/fr/xbrl/crr/fws/if/its-002-2021/2022-03-01/mod/if_class2.json,30-Jun-23,30-Mar-25,1.2.0
IF_CLASS3,http://www.eba.europa.eu/eu/fr/xbrl/crr/fws/if/its-002-2021/2022-03-01/mod/if_class3.json,30-Jun-23,,1.2.0
IF_GROUPTEST,http://www.eba.europa.eu/eu/fr/xbrl/crr/fws/if/its-002-2021/2022-03-01/mod/if_grouptest.json,30-Jun-23,,1.2.0
IF_TM,http://www.eba.europa.eu/eu/fr/xbrl/crr/fws/if/its-002-2021/2022-03-01/mod/if_tm.json,31-Dec-99,,1.2.0
COVID19,http://www.eba.europa.eu/eu/fr/xbrl/crr/fws/finrepcovid19/gl-2020-07/2022-06-01/mod/covid19.json,31-Dec-22,,1.0.1
FINREP9,http://www.eba.europa.eu/eu/fr/xbrl/crr/fws/finrep/its-005-2020/2022-06-01/mod/finrep9.json,31-Dec-22,,3.1.0
FP,http://www.eba.europa.eu/eu/fr/xbrl/crr/fws/fp/gl-2019-05/2022-06-01/mod/fp.json,31-Dec-22,,2.1.0
MREL_DECISIONS,http://www.eba.europa.eu/eu/fr/xbrl/crr/fws/mrel/its-008-2020/2022-06-01/mod/mrel_decisions.json,31-Dec-22,,1.0.1
MREL_TLAC,http://www.eba.europa.eu/eu/fr/xbrl/crr/fws/mrel/its-006-2020/2022-06-01/mod/mrel_tlac.json,31-Dec-22,30-Dec-24,1.0.1
NOTIF_IMPRACTICABILITY,http://www.eba.europa.eu/eu/fr/xbrl/crr/fws/imprac/its-009-2020/2022-06-01/mod/notif_impracticability.json,31-Dec-22,,1.0.1
SBPIMV,http://www.eba.europa.eu/eu/fr/xbrl/crr/fws/sbp/cir-2070-2016/2022-06-01/mod/sbpimv.json,31-Dec-22,29-Sep-23,1.2.1
SBPIMV_Con,http://www.eba.europa.eu/eu/fr/xbrl/crr/fws/sbp/cir-2070-2016/2022-06-01/mod/sbpimv_con.json,30-Sep-22,30-Dec-22,1.2.1
SBP_CR,http://www.eba.europa.eu/eu/fr/xbrl/crr/fws/sbp/cir-2070-2016/2022-06-01/mod/sbp_cr.json,30-Sep-22,29-Sep-23,1.2.1
SBP_IFRS9,http://www.eba.europa.eu/eu/fr/xbrl/crr/fws/sbp/cir-2070-2016/2022-06-01/mod/sbp_ifrs9.json,30-Sep-22,29-Sep-23,1.2.1
SBP_RM,http://www.eba.europa.eu/eu/fr/xbrl/crr/fws/sbp/cir-2070-2016/2022-06-01/mod/sbp_rm.json,30-Sep-22,29-Sep-23,1.2.1
PSD_FRP,http://www.eba.europa.eu/eu/fr/xbrl/crr/fws/pay/gl-2020-01/2022-06-01/mod/psd_frp.json,31-Dec-22,,1.0.1
RESOL,http://www.eba.europa.eu/eu/fr/xbrl/crr/fws/res/cir-2018-1624/2022-06-01/mod/resol.json,31-Dec-22,,1.2.1
SBPIMV_Ind,http://www.eba.europa.eu/eu/fr/xbrl/crr/fws/sbp/cir-2070-2016/2022-06-01/mod/sbpimv_ind.json,30-Sep-22,30-Dec-22,1.2.1
REM_BM,http://www.eba.europa.eu/eu/fr/xbrl/crr/fws/rem/gl-2022-06/2022-09-30/mod/rem_bm.json,31-Dec-22,,2.0.0
REM_GAP,http://www.eba.europa.eu/eu/fr/xbrl/crr/fws/rem/gl-2022-06/2022-09-30/mod/rem_gap.json,31-Dec-23,,2.0.0
REM_HE,http://www.eba.europa.eu/eu/fr/xbrl/crr/fws/rem/gl-2022-06/2022-09-30/mod/rem_he.json,31-Dec-22,,2.0.0
REM_HR_Country,http://www.eba.europa.eu/eu/fr/xbrl/crr/fws/rem/gl-2022-06/2022-09-30/mod/rem_hr_country.json,31-Dec-22,,2.0.0
REM_HR_Institution,http://www.eba.europa.eu/eu/fr/xbrl/crr/fws/rem/gl-2022-06/2022-09-30/mod/rem_hr_institution.json,31-Dec-22,,2.0.0
ESG,http://www.eba.europa.eu/eu/fr/xbrl/crr/fws/esg/its-2021-637/2023-05-30/mod/esg.json,31-Dec-23,29-Jun-25,1.0.0
IPU,http://www.eba.europa.eu/eu/fr/xbrl/crr/fws/ipu/dc-2022-441/2023-05-30/mod/ipu.json,31-Dec-23,,1.0.0
CONDIS,http://www.eba.europa.eu/eu/fr/xbrl/crr/fws/pillar3/its-2021-637/2023-05-30/mod/condis.json,31-Dec-23,29-Jun-25,1.0.0
ESGDIS,http://www.eba.europa.eu/eu/fr/xbrl/crr/fws/pillar3/its-2021-637/2023-05-30/mod/esgdis.json,31-Dec-23,29-Jun-25,1.0.0
FINDIS,http://www.eba.europa.eu/eu/fr/xbrl/crr/fws/pillar3/its-2021-637/2023-05-30/mod/findis.json,31-Dec-23,29-Jun-25,1.0.0
REMDIS,http://www.eba.europa.eu/eu/fr/xbrl/crr/fws/pillar3/its-2021-637/2023-05-30/mod/remdis.json,31-Dec-23,29-Jun-25,1.0.0
SBPIMV,http://www.eba.europa.eu/eu/fr/xbrl/crr/fws/sbp/cir-2070-2016/2023-07-31/mod/sbpimv.json,30-Sep-23,,1.3.0
SBP_CR,http://www.eba.europa.eu/eu/fr/xbrl/crr/fws/sbp/cir-2070-2016/2023-07-31/mod/sbp_cr.json,30-Sep-23,,1.3.0
SBP_IFRS9,http://www.eba.europa.eu/eu/fr/xbrl/crr/fws/sbp/cir-2070-2016/2023-07-31/mod/sbp_ifrs9.json,30-Sep-23,,1.3.0
SBP_RM,http://www.eba.europa.eu/eu/fr/xbrl/crr/fws/sbp/cir-2070-2016/2023-07-31/mod/sbp_rm.json,30-Sep-23,,1.3.0
IRRBB,http://www.eba.europa.eu/eu/fr/xbrl/crr/fws/irrbb/its-2023-03/2023-10-15/mod/irrbb.json,31-Dec-23,29-Sep-24,1.0.0
IRRBB,http://www.eba.europa.eu/eu/fr/xbrl/crr/fws/irrbb/its-2023-03/2024-02-29/mod/irrbb.json,30-Sep-24,,1.0.1
MREL_TLAC,http://www.eba.europa.eu/eu/fr/xbrl/crr/fws/mrel/its-006-2020/2024-02-29/mod/mrel_tlac.json,30-Jun-24,30-Jun-24,1.1.0
DORA,http://www.eba.europa.eu/eu/fr/xbrl/crr/fws/dora/jc-2023-86/2024-07-11/mod/dora.json,31-Jan-25,31-Jan-25,1.0.0
COREP_FRTB,http://www.eba.europa.eu/eu/fr/xbrl/crr/fws/corep/its-005-2020/2024-07-11/mod/corep_frtb.json,31-Mar-25,31-Mar-25,3.2.0
FC,http://www.eba.europa.eu/eu/fr/xbrl/crr/fws/fc/jc-2020-84/2024-07-11/mod/fc.json,31-Dec-24,,1.0.0
REM_DBM,http://www.eba.europa.eu/eu/fr/xbrl/crr/fws/rem/gl-2022-06/2024-07-11/mod/rem_dbm.json,31-Dec-24,,2.1.0
MREL_TLAC,http://www.eba.europa.eu/eu/fr/xbrl/crr/fws/mrel/its-006-2020/2024-07-11/mod/mrel_tlac.json,31-Dec-24,,1.2.0
